"ID_SUBCHARTER","NAME","STREET","NUMBER","MAIL","PHONE"                                                        
"HD56QEQ9XI","Et Arcu Imperdiet Foundation  ","Apartado núm.: 130, 8926 Quam. Carretera   ", 1232, egestas@Crasvulputate.com                         , 796478853
"AV17TJY6AS","Interdum LLP                  ","Apartado núm.: 377, 7641 Sed,              ", 998 , ultrices.posuere.cubilia@eu.ca                    , 651427235                
"MD70VZW4ZS","Mi LLP                        ","532-864 Ligula Carretera                   ", 319 , fames.ac@interdum.net                             , 497692076                      
"HH37FGR1HL","Iaculis Aliquet Associates    ","Apartado núm.: 247, 8054 Tellus Carretera 2", 526 , placerat.augue.Sed@acturpis.edu                   , 761522399
"SW16IAH1MW","Sit Amet Luctus Consulting    ","Apartado núm.: 805, 2122 A C/              ", 111 , ultrices@eget.ca                                  , 967334204 
"JZ26THL4VU","Fringilla Mi Inc.             ","Apartado núm.: 234, 6078 Fringilla Calle   ", 40  , Cras.pellentesque@ullamcorperviverra.edu          , 549111948              
"QW69GHO7AD","Semper Ltd                    ","Apartado núm.: 447, 5216 Ornare. Ctra.     ", 51  , semper.rutrum@nibhdolornonummy.co.uk              , 192148748               
"WG25DRH5CL","Mi LLP                        ","9715 Lorem Av.                             ", 971 , risus@atvelit.co.uk                               , 922685206                       
"DQ72KNQ0SH","Tellus Sem Industries         ","7663 Malesuada Ctra.                       ", 203 , felis.eget@Curabitur.com                          , 431665996        
"YW11MTB0BI","Varius Et Euismod Ltd         ","Apdo.:533-1215 In Av.                      ", 146 , sem@vulputate.com                                 , 573855979         
"ZL93KZO3JF","Sed Dolor Inc.                ","442-3200 Mauris Av.                        ", 617 , orci@estcongue.com                                , 729451895               
"FP09KTS4UR","Orci Luctus Consulting        ","420-2564 Imperdiet                         ", 867 , eu@nuncacmattis.ca                                , 142594065       
"VS71MZH6DL","Ornare Egestas Limited        ","Apdo.:777-4910 Scelerisque                 ", 1117, Nulla@vestibulum.edu                              , 365893549   
"NQ84CBQ2EH","Suscipit Limited              ","Apdo.:842-7951 Eros. Carretera             ", 1012, elit@per.ca                                       , 724809399         
"QZ27RGJ9VB","Magna A Corp.                 ","904-5570 Enim, Ctra.                       ", 629 , metus@posuerevulputate.org                        , 984275072            
"KV15MIO8AO","In Faucibus Orci Institute    ","239-7963 Natoque Ctra.                     ", 537 , a.malesuada.id@inconsequat.com                    , 970365217
"LD45CWV2WE","Non Corporation               ","861-5142 Semper Avda.                      ", 678 , litora@Aeneangravida.org                          , 150760415          
"YJ09DCM7MF","Laoreet Lectus Foundation     ","694 Proin Ctra.                            ", 825 , tempor.erat.neque@nonummy.edu                     , 104101689
"QT73KGH5RD","Dui Semper Consulting         ","Apartado núm.: 173, 450 Congue. Avenida    ", 804 , velit.Pellentesque.ultricies@sapien.ca            , 515823502    
"QV67VHQ9SK","Malesuada PC                  ","9436 A, C/                                 ", 937 , odio@magnisdisparturient.co.uk                    , 833404385             
"UR48QBF3XU","Magna Nec Quam Institute      ","Apartado núm.: 200, 3652 Purus Avenida     ", 846 , Curabitur.vel@Donecestmauris.edu                  , 280931673 
"XZ61FQQ8FZ","Nec Company                   ","294-511 Suspendisse Calle                  ", 1100, Suspendisse.ac@lobortisClass.org                  , 574678813              
"RV96YEL4IC","Ut Foundation                 ","Apartado núm.: 766, 8766 Suspendisse Avda. ", 613 , montes.nascetur.ridiculus@loremtristiquealiquet.ca, 879362967            
"QY23SIR2FU","Sit Corporation               ","Apdo.:286-9826 Mauris Avda.                ", 717 , ultrices@nulla.com                                , 894438804          
"IB22NKG4EW","Hendrerit Corporation         ","Apartado núm.: 342, 6831 Turpis. C.        ", 470 , magna@lectusCum.net                               , 900124956    
"JM33MXC0LC","Aliquet Libero PC             ","Apdo.:790-2012 Ac Ctra.                    ", 876 , nibh.sit@Cras.edu                                 , 448137065        
"QX17QPD5XD","Eu LLP                        ","Apartado núm.: 421, 7386 Amet Avda.        ", 692 , vel.turpis.Aliquam@nulla.org                      , 608139230                   
"DG78YCA5PQ","Luctus Et Ultrices LLP        ","2720 Nunc                                  ", 187 , Integer@magnisdisparturient.net                   , 100661736   
"GQ94ZKY5EZ","Semper Dui Associates         ","3815 Aenean                                ", 1224, consectetuer.ipsum.nunc@luctuslobortis.org        , 831218848    
"MK64UBK0MT","Facilisis Company             ","Apartado núm.: 998, 5990 Dolor C/          ", 909 , nec@dapibus.ca                                    , 990904416        
"UA69DTD6AE","Convallis Erat PC             ","Apdo.:824-6685 Interdum Carretera          ", 195 , enim@fringilla.co.uk                              , 721141228        
"GM43FQK8BU","Libero LLP                    ","Apdo.:969-2792 Lectus C.                   ", 818 , fringilla@necluctusfelis.co.uk                    , 126467863               
"EI18NHO3HS","Vel Arcu Institute            ","9803 Sem Avenida                           ", 37  , Nullam@lacinia.com                                , 852381005       
"ZY56SFT3SQ","Elementum Purus Accumsan Corp.","Apdo.:335-1543 Elit. Avenida               ", 59  , et@Donecconsectetuermauris.org                    , 864767602
"OA07RWI1YP","Volutpat Associates           ","Apdo.:885-1265 Lacus.                      ", 1153, consectetuer.cursus.et@vehicularisusNulla.co.uk   , 928646769      